,eventId,userId,eventType,ts
0,HLLPWMLACI,31050,KAENIJUHGE,1698409582014
1,NVBMBMMVZG,40629,DVVGUEKLEQ,1698409582014
2,WCYQPHGWGK,18317,AKBCHGTVHU,1698409582014
3,CYKVIXAVAS,79299,ZEMYZJMBXV,1698409582014
4,UWQQWCCTDU,36716,GAOEMMUSRU,1698409582014
5,APAGIOBFBL,78671,PWDWQHGLTU,1698409582014
6,YENCRYKRXY,06079,OEHKLTJBOU,1698409582014
7,PHVCPOBNHV,15958,LLTLCPWEHB,1698409582014
8,IWSNKNBZVZ,23147,DIIKIYTYPR,1698409582014
9,PNARGFUNNP,12123,LCTYUABMYY,1698409582014
10,MITUNUOPCE,24865,ERAYCKLTCN,1698409582014
11,XWBXUGSFHY,03984,WINJQBXRYE,1698409582014
12,TOYSUKDLAD,73169,DJYHRXPFSM,1698409582015
13,DPGIBBCTSC,65285,BSYYIFPWQN,1698409582015
14,NSKTAHRMOT,71571,OFHJTQQPXQ,1698409582015
15,EISJWPHHNO,67264,WMVXIQLUOE,1698409582015
16,GMRTUOYIGX,68743,RQTNLBMZJG,1698409582015
17,DNWASCRFOS,26014,ETYECEVSOD,1698409582015
18,OGQLIQWIGH,56406,LIVMCDIUWZ,1698409582015
19,HTQBXGMLEO,17807,IPHVHRDZBK,1698409582015
20,UMVNKNPCMB,03652,ELOGXREDFZ,1698409582015
21,JPUHONCWXS,28939,TEVSZPOBKJ,1698409582015
22,HNWMDEXWFU,41065,MITYRQODLU,1698409582015
23,HOILLKGXUT,74286,ZHGJHPROQH,1698409582015
24,EYRRSSUSQQ,99994,VJBHLLZHWI,1698409582015
25,ROZBZWSNWP,10387,XTWCLZTEBH,1698409582015
26,MZWZRQIHGP,47199,QDHTZLJOAF,1698409582015
27,ZIBMPLHZDI,16517,OSCOIQWLNB,1698409582015
28,VIVEQBROWZ,66252,NIVWXDWZFR,1698409582015
29,KAOUGZONOJ,20042,GGKCXRUOZN,1698409582015
30,HDHRJGYQOK,97468,IFBTZVEONM,1698409582015
31,NYWTZHFDXL,25978,ODSKLKEYLB,1698409582015
32,XRDRPTVUTL,61712,TDSTJQWYEY,1698409582015
33,OTQEWWYGSP,05226,SOGUZROQQQ,1698409582015
34,SUWMPXCVSU,83051,ZWSKOWLALL,1698409582015
35,ULMVDTEQDP,76789,LTCAHVDWOP,1698409582015
36,ZNVSBAPNPD,73463,MCIYVEDISQ,1698409582015
37,TSQCLKMLYM,53636,NJIMZPZLXV,1698409582015
38,RSPLYTOYIN,17909,OZYXFEEYIA,1698409582015
39,KCYTGLHDVC,64349,AINBGESLXA,1698409582015
40,HCDGUJVQRI,12420,FKIDXSDVRF,1698409582015
41,FKKKMDEBRZ,23249,TTKKUUUNXE,1698409582015
42,ETXBZKKDZX,21266,JFRDOXRWPX,1698409582015
43,ECZYVUVSCF,66579,MHVWUPGITM,1698409582015
44,IGWWDJVUCS,15600,KLWBRTQQWV,1698409582015
45,VKGOUQXOHV,36125,QOJRVEBDUE,1698409582015
46,SSRFPXGTZA,33798,LBHHUUNIWQ,1698409582015
47,XYGOJLDWSK,33455,CCSLMGJNWN,1698409582015
48,OFJVZGEGVA,73006,BAJNHJKSSQ,1698409582015
49,DENUZEZBDH,38207,IICHMWJFJD,1698409582015
50,ZBQQKVWMIQ,89104,GDGNIAYYHF,1698409582015
51,IKCOUIQWRH,58110,BBGDCGNZQY,1698409582015
52,BHYYBCLQUG,32162,WRCGHZCVHZ,1698409582015
53,EHCTFCSBHX,47007,FEHEZJUMZP,1698409582015
54,ETCLGOZJTZ,61962,XZTYWWMHSB,1698409582015
55,NSEROUNWPP,43198,ZARVRXDSKO,1698409582015
56,RRKSOIAEVX,63485,QYXRUMIRDN,1698409582015
57,XONFGOKOGJ,14499,UCRHYEOFKM,1698409582015
58,NMKFDKZMIR,70347,NZGLGTKNWS,1698409582015
59,STTSOYJKEI,30980,SYWVHGZUDP,1698409582015
60,UKVSGWQFDY,50281,HXBSDFXYDR,1698409582015
61,OOMEAANLOH,10611,WEJSMKYBZY,1698409582015
62,QXWYJELFAQ,99650,SUHEXXGOZW,1698409582015
63,ONUIHRQYTB,86094,LUXSFNTTXH,1698409582015
64,XACNTWAXKH,05035,OUMTTOFKGZ,1698409582015
65,DXRXSYLEAH,02256,OEAFSSGVJI,1698409582015
66,OXAFKTEREZ,48235,GIUQLOEQKR,1698409582015
67,SZWJIHGICP,84986,CBMZGBVVYK,1698409582015
68,ZEOVNTVEZI,94006,CBHRKVTUEE,1698409582015
69,VEZEHGXZOM,74906,RUKKLPVSKS,1698409582015
70,WBHVEZHFWQ,81418,GUXLXCUUGI,1698409582015
71,FFYREGRTSJ,76747,XADMYKHONS,1698409582015
72,NACTZKIBOZ,51038,VBEQEABRJS,1698409582015
73,PIDNYFEFVA,75633,KNPNLAZAWC,1698409582015
74,HEIVCRTYPS,44130,GXDYGRFIIB,1698409582015
75,DAIZVTTYKV,76564,HCBNWQHKJG,1698409582015
76,JWZYMITXWM,54628,GIVTULPOHI,1698409582015
77,JBNSFRITXR,49606,HPPGKCYMJT,1698409582015
78,YKSJQNKDMI,49562,ANNOWZKYAQ,1698409582015
79,GEEMCACCID,38875,QYCYHMKXFP,1698409582015
80,CMUKVQKZUF,84697,TRADVBMNFB,1698409582015
81,PQAQVSCDTV,41280,ROETIVBYPH,1698409582015
82,HHZCLCUJBD,87355,BWDLJEVRTZ,1698409582015
83,WLEYOUEXMJ,34359,WPIUGQHGUR,1698409582015
84,WAUOUKILZO,33368,RDOUSGUGTY,1698409582015
85,SOUGEQTJPF,95073,GTMXEMMTCV,1698409582015
86,UHZJDUVAEE,86527,MUUVEKCLSU,1698409582015
87,MRJNKRRMWC,94218,MZEKTMZNUY,1698409582015
88,SCQWZSKJZR,58205,WFXHWNPDKI,1698409582015
89,KQGPICQCPX,82148,IJTQSILCBJ,1698409582015
90,WYDLPXEWVF,36613,QGASZKFGWV,1698409582015
91,GIDMRHMEDS,35677,QZVKHGDWEB,1698409582015
92,TZBVMTKFBX,34563,DFNFDNQBFR,1698409582015
93,KNWHBDDUOH,78912,ANAIJCWJZO,1698409582015
94,BYYOOJNCUZ,19125,TXJQUYDKIU,1698409582015
95,QEKSZLESVH,56108,KBFWJKOHAZ,1698409582015
96,HHQUVZQLKO,09824,USIATCVYMP,1698409582015
97,SIUMVVYAHR,15107,JPVARROCJM,1698409582015
98,EOQCKXURHI,46762,MXBDEYZYKP,1698409582015
99,TMSCJRENSE,93889,DZCKMBQAZP,1698409582015
100,YWHQQHDMRB,68883,ELNUHVPDOP,1698409582015
101,ASHRSIEZWB,80783,NLSKKPLHHB,1698409582015
102,WIRCRAPTWT,14219,QQQONQUFFL,1698409582015
103,MIHWEKMCGA,94000,BJIGSUZDMQ,1698409582015
104,GUOBGXUYSM,78529,SCWZFORFRL,1698409582015
105,RMSFVCGGGO,06070,XKGKEUWCTU,1698409582015
106,ZIGIFYQNLW,07918,NJTETQWNVB,1698409582015
107,BNGXXIANVQ,13352,GKOFJBSKTL,1698409582015
108,IVNCQWFJHG,24814,XHGKRTLOTJ,1698409582015
109,YHQTUNKLMI,40575,SRQBWNSZIN,1698409582015
110,TXITTCOIFW,79145,ETKNBRNCPY,1698409582015
111,VZZUWWEMWQ,66851,HOFSVSWSVL,1698409582015
112,CZUZGYETPT,87390,FFRFQJFGTL,1698409582015
113,BRDIXHIQZX,46238,NHGQJWWVQU,1698409582015
114,DGBVYHAXBW,32467,HFQKFARQRW,1698409582015
115,QSYKGVPGXX,99886,JIDLGMLUWO,1698409582015
116,CAWHHRJFBO,28055,PVQFBBPBHW,1698409582015
117,ZJMSRXQOUP,12138,OLTAKCCQOS,1698409582015
118,IAEOMRJQEL,71182,LNXMPJQRNI,1698409582015
119,BXYGDMWLGY,81316,LCIEWLNXOU,1698409582015
120,MXBFBYHVHD,28395,TYBHOKILLW,1698409582015
121,YAMYHIXKNF,99287,RKXWFYLWUO,1698409582015
122,PAHMJLETYQ,69662,BVVDBTIKGD,1698409582015
123,YZVYAZCUIN,51042,XCKUAADUOU,1698409582015
124,NLYGXECDBI,56583,CNRCKWXQOQ,1698409582016
125,KPCXGHXERW,97094,ZHZEOZZHGU,1698409582016
126,TGOYDZPEWE,82955,YYUIWPMPBW,1698409582016
127,ODGSGNYJDT,59360,GPMUVCIXBK,1698409582016
128,HDPVFDVBRT,46207,OZVNJGCSJB,1698409582016
129,ULVLYTSVHJ,47330,HTEUZGMEIZ,1698409582016
130,GOQMSZIBST,50904,WXMDKOEBVA,1698409582016
131,FYVNJRXZFL,47429,SAGZCNTIKH,1698409582016
132,XUQHKTBKAV,20398,DLYCCLVPBP,1698409582016
133,PHDVPYQKYQ,26752,SEFKENYGCC,1698409582016
134,REAJXVJFZY,42771,XYPXAMIEAI,1698409582016
135,LXWKEQHXKP,57054,PDOZZFZHIT,1698409582016
136,VQKCAVSZPA,59137,PVUGPPEOPA,1698409582016
137,UZLNZARLST,56914,LTOUEKFCXJ,1698409582016
138,SWINTMMYYE,52164,FQYNTJQOBD,1698409582016
139,WXOIVVFUWK,92728,DPJXYJCRUR,1698409582016
140,CZRYGSDDQI,50962,EUWQWREWKV,1698409582016
141,LBQBRCDHKG,93411,JPGSDHLFAN,1698409582016
142,RGXSNTXGSN,59988,RQAUBOHQSO,1698409582016
143,PCWHYSBVYS,43509,WUGPJIVRHF,1698409582016
144,YXCWOKQFIJ,18033,KVNUCSQJPK,1698409582016
145,JSDGVCOXNI,96640,AYDAAXFLPF,1698409582016
146,KDBRPIGFGD,97819,RGXTGGDEOW,1698409582016
147,XPQOOJQBGH,54739,RQIFOPNNWX,1698409582016
148,KNCYVVINHH,32205,UZWLVJAWQJ,1698409582016
149,HXGQMYJVOJ,91151,ERKEFDWLFN,1698409582016
150,SEYHMOFIRL,99790,XTRTQKKUEV,1698409582016
151,WHDWXNBNVF,23146,IGKSEOIHYP,1698409582016
152,CWIEDCWOVA,32949,NGTOKDUZTH,1698409582016
153,RXUBTTLDLG,49222,JAYOIPYSGL,1698409582016
154,RDUEDVCFHW,05516,PXZAFXPIMX,1698409582016
155,PRGKBAWUKQ,20155,OBTVJVXOJE,1698409582016
156,DYKNANVFVZ,06257,MFDOKGLCUZ,1698409582016
157,WPDQPKFPGD,76781,KDMEWIOAKS,1698409582016
158,ZZABEQPBNC,07458,ZFFCQWDOYP,1698409582016
159,FQBTMBPCRL,69409,NVXVRZGDTW,1698409582016
160,RTGJDSZQID,15205,RWAFOKHHYE,1698409582016
161,GOWGHMHSHD,01312,MPUKALPBJO,1698409582016
162,WTKDHBCBKB,53272,CFSQGVIPUY,1698409582016
163,JBLBAZKMUF,98495,EHOOUVMJYB,1698409582016
164,NUMHMBLMZK,89924,ODPBXAINHZ,1698409582016
165,PXKXOBHILD,86613,HIQETEJNIY,1698409582016
166,WXRQENNUNN,01660,EWVBTFTUYM,1698409582016
167,VIMEVMSQSV,66398,LZQXVZBNYN,1698409582016
168,SAVPDNVFAH,86520,OHJYBULCMZ,1698409582016
169,VQQJKZKGIF,72515,IVPAGPVXMN,1698409582016
170,RDMBGINVMG,27758,ZLPMIGGSJB,1698409582016
171,ESOBXDFSMZ,67592,HQDGEJNSUA,1698409582016
172,PEXSKIVHUD,79713,VARORMWUJJ,1698409582016
173,SXUNRMUKAS,25798,EZZOGBBCHL,1698409582016
174,KQTYBAMRWG,14430,SLYJQIXIYW,1698409582016
175,DDGGKKGRKB,96202,HSYOYPMGWM,1698409582016
176,MOBHJKPVXH,09118,QZQOWSPCJW,1698409582016
177,RLHIJXZPOL,40395,OKLASKTJLZ,1698409582016
178,QIIXXMSKGV,35368,MBWMZFIZSJ,1698409582016
179,YHSTPKQQSR,01001,VXNTOIJZXQ,1698409582016
180,CDDOJHSWKR,20864,EQTGLIWFAM,1698409582016
181,QKMLGJRNDX,52219,NHBYYNCTPR,1698409582016
182,CCQVEOHMZB,23719,HEXPVHQDDI,1698409582016
183,MHDLUEQPBP,87017,DNRERNIHZO,1698409582016
184,EUIYVFHUHV,55418,DIPQGGDHBQ,1698409582016
185,LKRETHVTPS,39790,WPBEIHFVML,1698409582016
186,IWMXIYBYAA,45224,RWFQZKWFGA,1698409582016
187,EZGFRZYORM,85591,TDTRPCDCME,1698409582016
188,TSVNJBMMKH,09720,BPKAVZCRPY,1698409582016
189,ZQOUHJLMGI,70020,UKJYJNZESB,1698409582016
190,XDOWDYOIEO,70003,VATZHAWDTJ,1698409582016
191,LXHXDQXUCT,17934,SPLAZYIWLY,1698409582016
192,QSEUTIUUQF,50527,YIRLQCKGHY,1698409582016
193,YXVTGXMSHL,73950,VMUOFBPJWJ,1698409582016
194,TGXIJVUGIJ,30259,WKBSUAYTQD,1698409582016
195,NKOSXDFWBB,58653,ERBBZHFJRA,1698409582016
196,CSYBZMYOVK,54877,TUWKQRQLMI,1698409582016
197,BSGIERVVUJ,91317,STFADTFERV,1698409582016
198,XRDKQTIEHN,07437,TUADJYOESG,1698409582016
199,GILRAZKABS,07441,KYXWOPHWYC,1698409582016
200,YRZOUYAMPH,81917,SZTOLOSPVZ,1698409582016
201,KKPUXBQOAM,60393,EXWSBDPDGL,1698409582016
202,BWUIEEFONI,27023,JKVPLIXAVS,1698409582016
203,LHWPTXRUOP,62411,TYKVVRIVTG,1698409582016
204,JHVNZHRWLI,39930,KFXODILJLX,1698409582016
205,MMDQRNANGE,96543,BDAGWOPKCL,1698409582016
206,XLJGRGSVYS,80645,NULHKRNRTX,1698409582016
207,ZRPKAFXUMW,74411,AWCLMOBZKQ,1698409582016
208,JKLBLLTAFD,35510,XDPMEMRXBL,1698409582016
209,VANOVSIVAZ,25879,BUSMPLQWCT,1698409582016
210,YIOYYJIVHQ,26202,NVTFIEUJFR,1698409582016
211,DFBGJSSIVF,52795,OHDDKLDMSP,1698409582016
212,KULUMCUZIV,44509,WSYFOBPRMK,1698409582016
213,RFNGONPIGK,72818,VMAHSCQMNQ,1698409582016
214,ROSQRCOYTA,38067,SMHSHSRIWT,1698409582016
215,XLRLIPVTOK,91933,FJBYGIAJMT,1698409582016
216,DYITZYJPBG,85641,YCLTLXABNM,1698409582016
217,AQJTUFRCEZ,63962,CGSLIUOZVA,1698409582016
218,XEFINAHMVY,13507,DUJGINNRBR,1698409582016
219,PPFNQOBVLJ,54489,EZBTASFGSY,1698409582016
220,OBILGVEVFC,00443,RTWZNKFECZ,1698409582016
221,UEYHSXKKSD,71375,PFULZVMDSG,1698409582016
222,LDQOWMUFWB,34485,EJDARIUVHD,1698409582016
223,WEFTLCGFCU,72928,CFJQTCJAWS,1698409582016
224,BWBZQTLCRJ,87431,CUGYYDRUQV,1698409582016
225,ZKJHRYNZRP,01563,XUFYVVEIOZ,1698409582016
226,IQOBIOQMLJ,82570,ITOTTPVNUR,1698409582016
227,XGJEGWCWMD,03749,MACMCEUDHS,1698409582016
228,UEFQWCCNUU,21202,RQTIKXLNQA,1698409582016
229,SWINLFCHCC,91106,CNUGRGMAHG,1698409582016
230,JZHSKZKDKM,45229,DRUKXBCCHA,1698409582016
231,DPVRRRDGMR,83785,UYYGURPHDG,1698409582016
232,UBCLWNUQRH,86422,ACQFKVTJRE,1698409582016
233,TBUMFTVTVJ,77882,UVYKEDROFY,1698409582016
234,BDGBOUCYQH,23192,RZVMTSANXC,1698409582016
235,SJTQUZZXVS,49439,RMMYUTEWRI,1698409582016
236,EXPBACOQTM,72716,CKMOXSFCET,1698409582017
237,VTWQKUGIWM,91472,MSDISKGEQQ,1698409582017
238,KHYMWTIBHQ,59517,VAMLAFBZOW,1698409582017
239,FCEGSYXYFY,22905,PANDCMKYMR,1698409582017
240,DKZOZPVEJG,67843,YBICPRWGPU,1698409582017
241,VVJEYWVEPE,26073,FPRDWUUFZW,1698409582017
242,ZFOHSLZZVV,48503,TIIPGOODAP,1698409582017
243,IIEQXJPVHQ,56494,LEPYGIITAU,1698409582017
244,PLVYDEYHKY,18112,CKUCYJONUA,1698409582017
245,VFVMVYWJSP,90489,FVAGKRBFJA,1698409582017
246,UIAWAMURDC,41748,EYMCSWDGTR,1698409582017
247,EWVPENSNSI,04544,XUSBRESZSG,1698409582017
248,MUNVVVWQKG,09954,QHEPPTGERV,1698409582017
249,GLFDCOIGUY,97207,STSRWLDKRD,1698409582017
250,OVLJSLBUHC,08244,NURBKKYCGZ,1698409582017
251,LTGXQKTFNT,28349,GQKKPGICMU,1698409582017
252,GIMVWVQWTT,51404,OOMTSBZNFY,1698409582017
253,NYCEHLTSQC,45314,ZPAKRKMDAJ,1698409582017
254,OCOPQZVPFX,98183,HGPNKOKFPK,1698409582017
255,ZZIDDKTSQM,54818,RCQMJDLYZD,1698409582017
256,RDXASXPKVE,92243,QEQAVUYIOE,1698409582017
257,WRJZKAESXQ,14338,XFKPOZFOKW,1698409582017
258,PTQAJJYMIL,91718,SSZXYWVOXY,1698409582017
259,SQXFKWMQPA,79529,SFXDHWGEEV,1698409582017
260,WLJFETHFSC,57511,LDTZQWUHVR,1698409582017
261,PXLOKPZWDF,39964,TUZXKUVHBI,1698409582017
262,WLZYKQTSEN,38895,DIYGDHYVQF,1698409582017
263,VGNYCESZTY,90590,JMCONEIBNE,1698409582017
264,UREYRTOCCU,62227,LKZCOHEDUE,1698409582017
265,ZDJJXXBUNI,15412,NJCFKOSBFQ,1698409582017
266,LYMSXYZKPN,08387,AXAWTOWXZD,1698409582017
267,WAYAKZJWRK,01080,XMQRRXLHVK,1698409582017
268,TVDJJRPVLG,34514,GFNPHGBUBA,1698409582017
269,SMXNNVMGIB,47866,WHSMVAPGXC,1698409582017
270,VIXUOGESQU,76551,DPNVSSWEXU,1698409582017
271,PCHWAIZADD,86478,WMNTKIXTVM,1698409582017
272,YVFUHFJGHO,19198,GKQLNKRRLX,1698409582017
273,GQTGBOONYC,59858,RWSRIQVRLX,1698409582017
274,HULXYPHCLP,40326,AEZLXXJFSI,1698409582017
275,ISKIRPVFKU,18013,HUZYVPQQWL,1698409582017
276,BYIKHZKPDP,86585,OFAGZQBLLQ,1698409582017
277,RYSVNODCYJ,29106,FKSTCCOFYN,1698409582017
278,OZSDYAHHNX,94061,XKGNGXMUMN,1698409582017
279,OWLTUENKVK,55433,PYQMXTSYCV,1698409582017
280,XZZXZEPBEO,88488,ETTENCYGHR,1698409582017
281,XNPQGEEDBV,72488,WFMMCXVWBI,1698409582017
282,DALPLSELUG,12962,DXQASLCNXE,1698409582017
283,WRALMSCBWS,28290,SQRIGRBQTR,1698409582017
284,IFXPWIHRPU,19456,YXTQYSGBCR,1698409582017
285,IVKWKMUUQB,98392,OZWNQUCNGB,1698409582017
286,MEDKLLXGBT,34844,LVUNUFEERP,1698409582017
287,CYLEATXMLF,37648,JDBFVRHMGX,1698409582017
288,WLXHHLCDTV,03867,UKWWZQABZL,1698409582017
289,TJNWRWSBHP,78897,JRJYKSESUB,1698409582017
290,ANDSAINSZE,12511,SCSUABRMRW,1698409582017
291,KGUVDPYZLP,62590,QJJHPYJWTR,1698409582017
292,VHXDARSBMI,62395,SOGFBFWHFK,1698409582017
293,QDENMQGESQ,26994,FTKVBDHDSY,1698409582017
294,UBSDZTXXPH,56498,ARFBBZLOTV,1698409582017
295,AJPIJZQUIM,02854,CMOSOPTHOC,1698409582017
296,HHYRYQDLQU,23393,BXMVNZWPDF,1698409582017
297,CYOWURNQKJ,78156,KXZPPOLKNM,1698409582017
298,QYWQJXQTZW,57638,UEODEMPFYM,1698409582017
299,VSTKNAHMEC,58349,CRNWIGIBVW,1698409582017
300,KTIULTPBEY,30417,QBLTGAWENS,1698409582017
301,YAWERRZLYL,15408,LPZVNNPXQN,1698409582017
302,GKGDCNWYXR,74260,LOYLAMATTI,1698409582017
303,LAKYPCXBCW,27570,HXUZBRQSVT,1698409582017
304,HGELSUUHIP,56185,IYAHQJILXT,1698409582017
305,EDFYMVASXK,68152,BJPURZGTFX,1698409582017
306,UAGGCEVMDS,18225,SLQWJUIKVX,1698409582017
307,ESCMGWCPPJ,78891,BWGVDIZZDN,1698409582017
308,QLEARMWMRL,17439,SDUWWWGSBU,1698409582017
309,JNBEZKHLQX,85758,YRFEMVQGEW,1698409582017
310,EFKVDIKCWN,12449,EMLNNBGGBY,1698409582017
311,GTYXPVQAWW,98340,VBTMMWNLDC,1698409582017
312,RXTEJJEXJH,61249,ROWZZENVKF,1698409582017
313,ZVOWDEJMMJ,89836,BEYZTAADCZ,1698409582017
314,FNYHELBMOV,92670,XPTDPDVTKU,1698409582017
315,EDUSTOISJC,40324,ADNRWRQDWD,1698409582017
316,CIMUAVTMMD,35178,OWRCKCVRTP,1698409582017
317,NLPELYZIPY,32360,OELALGCBLG,1698409582017
318,IVGDINSHHQ,84632,DHSQEKMYLG,1698409582017
319,NPASYJFQDD,21235,MQKZDQMPRK,1698409582017
320,GTJVJHXZFE,74700,SHJXNDYBES,1698409582017
321,FULEZXKMIF,07004,COKCNZBZUL,1698409582017
322,LCHMYKSKJQ,04028,BGEJHHJCSD,1698409582017
323,MNUIDZKSCM,10235,OWJCVUDGJW,1698409582017
324,HPWMZMBZJT,43837,OLRJDGSFMC,1698409582017
325,RKCDYWOZSW,58913,KICGCIVNDN,1698409582017
326,DURNKWKWYW,94608,OPUSRUSLUY,1698409582017
327,FEZOBJZFDF,44150,VCQEKNOZCG,1698409582017
328,TGHFAIOYEB,89600,NMTLWGSPUW,1698409582017
329,BRGHTFMYFB,02043,RWTGBTROTU,1698409582017
330,RHDEHKVQKQ,47970,XNRQYUWEML,1698409582017
331,GPTPXGMUGD,27269,BJXOMCLTAI,1698409582017
332,AXGFEKORHJ,66466,CAPEDZMBYL,1698409582017
333,EQMPLPBAFK,70023,YCSJMGAZDG,1698409582017
334,WESQXTGWBL,50361,MTNKWMGNAV,1698409582017
335,NZBHNZZDBL,16051,PWYBFYLZYV,1698409582017
336,MAIVGYMHZG,94418,FUTSPFUBPO,1698409582017
337,TNFEICWTTG,39847,XWWUPINSDU,1698409582017
338,NGKGWXRSVX,17828,IHUACKRUIF,1698409582017
339,GOBUBAHLGV,57119,JCVBHVUZRN,1698409582017
340,ZOXXFLOAVA,98134,VLKNTRKBVV,1698409582017
341,ERKAKKYYVM,17762,ELJFALFYXV,1698409582018
342,MSOOSBXWNZ,39967,CPJPOOOIWH,1698409582018
343,FXEMJQUQLI,28047,BUKLGPCPNG,1698409582018
344,UEMWCENARY,66513,ITTDNZQZFD,1698409582018
345,WQUZJFGUUC,50848,GYVDYRNHVR,1698409582018
346,RAMXBHBXHM,17088,EXWEJHKZDE,1698409582018
347,VBEKYLUSBQ,24725,BSINBRDKHH,1698409582018
348,KLJBLYTAAT,07189,ZKLHXRLWCN,1698409582018
349,TSTQUQSNKC,85648,WPVNTDERKG,1698409582018
350,PARRWTICDI,48417,APERTLVGYG,1698409582018
351,EATYDXJJNN,88302,DZRIIJWZAO,1698409582018
352,TVYIDLJRQI,51808,IAJXQOKRQG,1698409582018
353,STBWHAMYEQ,88286,NEYHEESDOW,1698409582018
354,NLMWAAQAIC,80808,IWEMMRCMOI,1698409582018
355,BQLETKLACO,93352,XYAZNLULZG,1698409582018
356,XMXWMPAXPI,36347,AEUYJHAOYR,1698409582018
357,LNZTPYARSQ,26875,ITIEIKAJDY,1698409582018
358,OUQEUNUGAI,24920,LMRVTPUDLR,1698409582018
359,UDHEGCSSFY,47271,RKVXZJEJAR,1698409582018
360,YKZDEIPUHT,55067,FEUKOJRRTZ,1698409582018
361,TSGTOLZIGW,08040,KDQKNNNYMT,1698409582018
362,KBIFOAXPMO,95233,QEWKUGTBGS,1698409582018
363,ZTVSXSSRTU,87582,ECMNYMWTYF,1698409582018
364,KTLRGJHPGA,56093,RUALUYJCHB,1698409582018
365,NOWIBCXFRR,13806,FWRHZIEBPF,1698409582018
366,COSHZVRNFD,87878,DKMOTZNEOG,1698409582018
367,WYNFIUQSAT,87654,NPUPNIAWRU,1698409582018
368,BLJJKCALVM,17008,KQDEMCLYOX,1698409582018
369,OYGYEIEUUK,13475,JXELOLPREJ,1698409582018
370,OJYMXWXEEW,12345,JRNEOMFNXN,1698409582018
371,ITCCHTAGVR,07356,KNVNGBOFIQ,1698409582018
372,AMLSRRCYFG,15433,GKHBMJEYPE,1698409582018
373,EINFGIMRYW,54098,OTWKXHOEHY,1698409582018
374,YTVNVTFQRS,59970,POCBXZMIJR,1698409582018
375,YUNOOFLTBS,58874,MXKEUEKRFY,1698409582018
376,OGCFGRNGZN,96340,TDKLNXDFQJ,1698409582018
377,GEDKHMAMWW,58404,CMHLENWAJG,1698409582018
378,FJPXACLRZM,39418,WDYAXZQNWJ,1698409582018
379,IYCVGAQMRT,99042,NVRIFJZJVK,1698409582018
380,GMIZOUFOCX,33572,XXZFYRQGPS,1698409582018
381,VAAWTEUWKS,79745,RKKDQITIPE,1698409582018
382,ODIHAQFVRL,13184,SDDLATHFJI,1698409582018
383,TEBQUVACTE,82500,FXLJCMLUPZ,1698409582018
384,JPKIBTQARX,72917,VFCTSSYYBV,1698409582018
385,HIBGXURDSF,44020,CBGUHZBAQD,1698409582018
386,HIJKZIKIBG,78556,XOSYLNIBVR,1698409582018
387,KLKJINUMME,74027,CLWAKRCVOB,1698409582018
388,NCIOEKNKEP,33491,HAYVPXCSBP,1698409582018
389,BJHXRSTJPM,16891,SFFMARDRLA,1698409582018
390,PHFAJYGNKH,75080,JWIGCTTZBO,1698409582018
391,KCXHZFSWUX,67123,NFQQSUQEES,1698409582018
392,HLKIUZSEBF,21437,ZKZAZLXKSU,1698409582018
393,KEHXLEGWZP,92542,LZBUZGEKSD,1698409582018
394,AJJVOAWAWZ,18937,EWGWYMPOCF,1698409582018
395,DCNDLZOVAO,25009,MWTFHOVOPL,1698409582018
396,UMXZENNXLU,04411,BIXPFDJEUR,1698409582018
397,CZLCOZUSZI,51575,HSSDEJEMNE,1698409582018
398,WZOIKNUPMC,40767,GZUTRTVQLI,1698409582018
399,YOPAKAULJA,65876,PJRYIFDJZL,1698409582018
400,CQDSSJTKIG,81452,ZAPACSYNOJ,1698409582018
401,OMPFRAWEND,80738,DDMKFSLUII,1698409582018
402,WVCTUMCUQD,16526,MPUEYGSAQT,1698409582018
403,LTIXWDGOTO,41604,MFCAJMAVNI,1698409582018
404,PKMBZJSEYT,52874,UUJTDRVTUS,1698409582018
405,RQEOOVQOJY,63369,ISZZRHFACY,1698409582018
406,VLQVAYXRVS,01053,EPAKZLQPMB,1698409582018
407,AWQHCVLRLP,27632,NAWMHNCIEI,1698409582018
408,BUBVHGUIOF,18933,BCGZGKZSHL,1698409582018
409,FYWSBEJZXM,88471,GPIQWHHYKG,1698409582018
410,GOOZOSMSCX,30853,ONMYXFNRWL,1698409582018
411,KMOQQNMFJB,08916,ALVVWAPHWP,1698409582018
412,JCOKVWZMOO,59018,CSKDOKUZVT,1698409582018
413,JMMTRRPPVU,75348,XDCOHXYYSR,1698409582018
414,DPKGALPMNA,18222,EDUUNGOTUP,1698409582018
415,GQVPMEKTLO,83517,QVOVFYXTFD,1698409582018
416,JIBBQCLZHD,22046,KCGLMJAJXN,1698409582018
417,CADRIYXPMQ,87432,ALYRXGBTSL,1698409582018
418,QULJMXGHNN,24803,YKLEDSZJDX,1698409582018
419,INGPBJTBRB,17288,TZNCJUJDCN,1698409582018
420,GQPMLZMBTW,69759,DVJRMOAMLR,1698409582018
421,YHZEDUKLAD,32388,YMOJBZDPPF,1698409582018
422,XEIYZMIMNJ,74443,VVJKMCHWYC,1698409582018
423,IYZIHVEZVL,29309,ORKRPSYJSJ,1698409582018
424,XSDQDKUNJK,42367,CFHHVVBNPJ,1698409582018
425,PGMTNUBYWY,07042,IHMLEQDHOO,1698409582018
426,VPHVTDPKRS,33532,SZWZVXFQMB,1698409582018
427,KNABGYWFCU,35916,HXAQZBEEDN,1698409582018
428,INKVSSTSXF,85536,FNEJKVQHMP,1698409582018
429,GYDNRYQFDC,25014,RWFFKHVQDM,1698409582018
430,VWNRADFJDD,85479,HERUPHEZVD,1698409582018
431,USANBWVKDJ,56343,FCFVZMVXML,1698409582018
432,QLJQOWTHWR,20833,NVSQPHTCMG,1698409582018
433,SKDWADEXYX,24275,ZPLTMQDJGE,1698409582018
434,KDXOWUTWAB,81975,ZAUVELCRMY,1698409582018
435,VMRTYHLBLG,12256,KHURRKFJMR,1698409582018
436,YHUBRYSTNG,98488,YAZGJZRKIK,1698409582018
437,LDQNPTZBGS,45795,FRBVTCNGJX,1698409582018
438,JTWZWYBKCZ,58897,IVCDNZMHHF,1698409582018
439,PYIKHAQOCP,93758,MTYTGMKZTS,1698409582018
440,OXYLOMUBHZ,62458,WPWXKKMLRU,1698409582018
441,DWMIVHSAPH,92071,XLJBSPGRBN,1698409582018
442,JRELORTYON,80357,LTLMCASALP,1698409582018
443,BXMGCBVQBO,07321,BNLLJXWEAY,1698409582018
444,EOYBONRTOM,89765,ITCKNIKBUL,1698409582018
445,WJOSJAHBPH,56848,BXFTIEJZQF,1698409582018
446,SQAVSWFFXA,10429,YOHCESQBLL,1698409582018
447,NBONRXZOWM,30295,JCPOWUJPEL,1698409582018
448,BUSSQVCDFR,36342,LIRQJVRJSG,1698409582018
449,GOFKJJGWXI,69348,KJEYOLGVRS,1698409582018
450,JIOOUHEOGB,85428,AVACYSSPOR,1698409582019
451,ETAEVUXOHB,84405,GMHRJPHGWR,1698409582019
452,NMJTXNXATB,57938,OUOVJBNJFE,1698409582019
453,AMYRYAYDLP,71262,FISYBCUTOY,1698409582019
454,MAZHJTAPEY,86347,IHOJAMIRXE,1698409582019
455,ZDJVDASBOD,98061,EXLXGCQPKH,1698409582019
456,RQNHLAWEDF,07136,BNMFTHVZTO,1698409582019
457,RSCYGCDICB,60353,SDOFZQKNJF,1698409582019
458,PNYXVCZXBJ,85737,WOGTUNHOAL,1698409582019
459,HQLOHPOYQS,69500,WRICMIOPRE,1698409582019
460,FHQYJUKWLX,23167,QDVDPLTYLU,1698409582019
461,WTSGQUTVRD,84672,EQPTJXDUBP,1698409582019
462,JKEYFBHHHX,00793,WGWJEVDNPT,1698409582019
463,ZQYGZCKODY,24458,MHKGTTEEFA,1698409582019
464,UBHTWQQBQV,59332,YLNKPEKAOH,1698409582019
465,FYHOZHEASP,48163,YDSPUFIALQ,1698409582019
466,HRXLZKLVLG,62247,QNMMXCHZOB,1698409582019
467,BVNZNXMLKQ,05455,NWBPANNWFX,1698409582019
468,UHARLYYCHX,69801,GKBWQZZQPW,1698409582019
469,MVTXKSAZCC,68148,OAPJSNJWOZ,1698409582019
470,GGBYOTACUY,97031,DHLVRWVBDK,1698409582019
471,TOUYJVNFBM,87242,WLYZALUQKT,1698409582019
472,MSZYUMCNMC,96438,PFMBENYBWI,1698409582019
473,FNGQHEHTFS,69945,CJNZWGGBUZ,1698409582019
474,ZHJZGWSGYC,85346,FGHUYDQDJT,1698409582019
475,ZHXMAYFICG,27097,PVGFGKTQUM,1698409582019
476,FOOFIJZJJE,97737,WPNYPLOVOA,1698409582019
477,SRDAPEKPTN,36367,LAJHWEUZZP,1698409582019
478,OFAAEBMCYW,63307,DZBZBNLQDN,1698409582019
479,ZTOIDMLWTJ,13251,IYLPOVTULJ,1698409582019
480,NNZAANRNBC,89450,WSYSLPSNUR,1698409582019
481,WRFWMRHYGI,18246,JLZCWVAPZH,1698409582019
482,HIELHQQLNI,99864,ZFMJUTMOTY,1698409582019
483,EDQSLTCTHQ,95786,CKCLRPVGPG,1698409582019
484,SGRUIJZDPI,89805,FWZJOHFWVU,1698409582019
485,DPUXDPEZNZ,35264,ORHCAMOJII,1698409582019
486,QZYUGWAAYU,04212,YJRLEJHHGU,1698409582019
487,VCOVHDYUBA,90664,YCWGGPVADQ,1698409582019
488,NMCZFRSUYE,16929,DGMBSOWHQN,1698409582019
489,RRXKANMKUY,82890,UBJZNAFGXA,1698409582019
490,SIQHENNWIG,07638,HUDPQDFQIY,1698409582019
491,XFRFLSXNIH,00711,NMHSONTHOY,1698409582019
492,SGCUKCSKKC,21670,AMTFXCDWPD,1698409582019
493,EESAFNQAXA,84559,WOTYBTZVTD,1698409582019
494,BYCDHOAYMU,19480,JJCSKGEIZU,1698409582019
495,FHLWCUPIJE,61254,JTOUBAENPS,1698409582019
496,PFPGCUTZBO,49342,AWTEQCCEBV,1698409582019
497,KXRVVHVAAJ,77545,VHQMJIUWZD,1698409582019
498,EXOXKVKTXX,21353,NLUKSMPDBI,1698409582019
499,FHBRLFSPHI,77018,GZFINBCKAL,1698409582019
500,XLIURPYXTJ,24636,LHRJPEAYKZ,1698409582019
501,YWXKFATMKZ,24429,UKIYHKCDYJ,1698409582019
502,NWPYGXDNOE,12407,NVUIZMLDID,1698409582019
503,AHDOSVNAGU,74379,UHLQBPTBVN,1698409582019
504,WMSIRZHGAK,62969,ZKPBSORYBN,1698409582019
505,TCXYXVGMDT,37987,YLYQFOGXOB,1698409582019
506,KPYWDDNLCK,14672,LIFRMCYGSU,1698409582019
507,CGVKFNWJAP,98580,NZXVYZEGAD,1698409582019
508,SORNNSPKCS,29614,OAFCOCZFFD,1698409582019
509,WTLPDOCSYV,06761,EFJPXNLIIH,1698409582019
510,IYQBNURPWG,97650,AEOPYRPKBJ,1698409582019
511,AQTBNKIJBS,21445,MRFEOPAJFQ,1698409582019
512,QLAIIHYLUS,62073,EBTNUOILTF,1698409582019
513,ZELWKFXYIO,04025,JTIWQZMIVB,1698409582019
514,JVHTODKZEF,33324,RBHILTZCXU,1698409582019
515,TPGRRCRVAZ,27463,NSIQRGWZTC,1698409582019
516,YXEFPRRMLO,68871,NXIOBYXFZQ,1698409582019
517,PEZFNAQDAQ,31102,ATHJDELLCK,1698409582019
518,MAIYXIMUJJ,53727,ENVSNJSVEN,1698409582019
519,AZZKTZIZJM,32624,JWZNBDPJHL,1698409582019
520,XCEACZQVAV,72540,EOJNZLMFSR,1698409582019
521,HIQKDIDBNH,34721,BVAQBSWWLL,1698409582019
522,EEAFLHKSBD,49876,STWJNNMCQM,1698409582019
523,FGTWBOJOJO,68940,HZYDFAFVOV,1698409582019
524,FHGGHLBIYA,54913,ICNCDMQNVM,1698409582019
525,IAAFUWNIRM,82098,TBUAZCBAAB,1698409582019
526,QNTKWDJKWO,90562,DEETTZSEEN,1698409582019
527,RTYQLFZZNC,76191,GTGPBDXEBT,1698409582019
528,XZBCZIKYIB,02161,JEFYCQJJGY,1698409582019
529,RXCDTGDAEK,01355,TKOSSBAKXE,1698409582019
530,OBHYXXYZLC,67199,XIHVPCUQGM,1698409582019
531,SQWVQRDGVE,86193,VMHLPGPZJW,1698409582019
532,BTNUIUDLGS,93869,NLNGYQRQXN,1698409582019
533,JFBCMWQMGJ,74359,QSCTLUFHHP,1698409582019
534,OCLRNDAULF,19171,RVFUWNOYZE,1698409582019
535,MOBBZIUKEU,04588,GFGKBASHKN,1698409582019
536,PRUESXPXAD,08875,KQCVITKKNJ,1698409582019
537,MUQGAORKYN,30320,LVJASMHDTK,1698409582019
538,ZZXCRRRIJK,06897,DIJGHBYXWU,1698409582019
539,GKXQKZASGM,28736,RHZFEHWXDR,1698409582019
540,RANMBQXDXL,85214,YLBQRJHZRL,1698409582019
541,MUECOWKYVT,92750,LQQCIDIKXN,1698409582019
542,QRHQOBHWXS,01097,RMWIKTEMCY,1698409582019
543,MIGARKAWYH,23881,ZDMWYRRXXL,1698409582019
544,QJMLRSFHDE,63052,WOLBNXKNWO,1698409582019
545,RWAUQDFVPY,88414,LIQCRSIONY,1698409582019
546,OSTRUIUFRZ,45778,UFCTUPZYTM,1698409582019
547,MMJMFELCZM,46410,KMXHAPJYGV,1698409582019
548,HUYUTJMJFB,56298,DLILJRJXRM,1698409582019
549,MKSTKDPPBN,88458,PQSMEDLWLC,1698409582019
550,ZIWYXQZOUO,98081,SYFGDWUSVV,1698409582019
551,EQKSPWDYDD,36691,TTSZIRGUFF,1698409582019
552,DWNAOUWIJG,25953,CNFOZWMMLZ,1698409582019
553,VDLZGXDXLV,88603,DTVFIPMWAK,1698409582019
554,LFTMBDZJZL,44415,PYAHTVLCEP,1698409582019
555,UZVGBTNPJE,21782,GGMGWNHHUA,1698409582019
556,TVFINMRBAN,44993,JCDQRUEYYQ,1698409582019
557,CQFWTLQIPS,92632,OICDFCTMVZ,1698409582019
558,ZMHOZXVVPK,11651,SLYXABWMQC,1698409582019
559,DLGAEHPHLL,41362,KHARCIHLLU,1698409582019
560,QKQUFLJVNO,87289,IFDLGHGCNG,1698409582019
561,KMSCTHPUCY,69970,DAMNPEKBSO,1698409582019
562,XSKMRWBNGM,79108,AFHTYZXZRN,1698409582020
563,LHLYWMYIES,79220,SKTQEHJLDH,1698409582020
564,SANJRLMKRT,17254,KXUOKROTBD,1698409582020
565,GHLZKXPULL,94643,ZKWEUJNHVS,1698409582020
566,YCTNTSYIMZ,40284,BVOQBHYMUG,1698409582020
567,LRFXUDQGPS,40505,PSZVKBBFAS,1698409582020
568,HVCPIJMNZV,76003,AGXXWCKAYI,1698409582020
569,HZGUYOECPM,72335,RAECNSTZBG,1698409582020
570,TLIWTWQIRY,04081,PCGFEUIMDP,1698409582020
571,NUGIAONJRV,12564,KHVZHOBVAX,1698409582020
572,ECWVCPHDUZ,46121,XWEJBDYDFP,1698409582020
573,RFUZKMTZGX,61631,FJZOOFCNLF,1698409582020
574,FAIDGRWLNC,03360,YWNMOLUUHO,1698409582020
575,WSQNDKPNNI,74615,PNTMITPLWC,1698409582020
576,XFHBBDLMAR,41993,CNTSWMHETI,1698409582020
577,ZGQYNKANKK,15926,RDOKXGOYQO,1698409582020
578,BISIQWUSIT,86472,SRQIHJBNEP,1698409582020
579,ZSFALLKUFX,29503,WQLBLJYBRY,1698409582020
580,BOAHLQZREL,70578,LIOZMDVHVY,1698409582020
581,XSEVDIFCST,24799,MUPKUHWWQG,1698409582020
582,BXQBWRQMIZ,52419,XATAEMTNOL,1698409582020
583,YGXOQZYWEK,35309,ARKLPGGNEI,1698409582020
584,YWBLCSLEUV,96394,NTDVYWLRWK,1698409582020
585,JZJJCTSBZQ,19223,XXGOPVEFJU,1698409582020
586,IMUTOFHXSE,84251,ZABLQYBZSO,1698409582020
587,QRAKGZITJY,58800,BPKQCIXHQF,1698409582020
588,YKLPJMQWAL,24955,NVIPYMYWTF,1698409582020
589,UEMXCBPWIP,24588,RLDTYJHCLI,1698409582020
590,AVUOKLHKTL,90521,EYYUHTHJNB,1698409582020
591,LINFPTSBJQ,64677,VTAHIYUAFN,1698409582020
592,RFTDEBYLXG,49382,YMUANRLHDN,1698409582020
593,DDKSVRSJZG,89893,UQTFDZONLI,1698409582020
594,MYNCWHMXUG,12123,WFBIKHSGWU,1698409582020
595,SFEBXZFEWQ,41103,XGQURBBYWN,1698409582020
596,ZMUKCPCPTF,85790,ZLPVTXMKEK,1698409582020
597,BGTLBWQSCF,83236,XBLDQAOWNN,1698409582020
598,DQGIWUIBRJ,59995,LLFGNEBRIL,1698409582020
599,MAVCNLKKBP,11328,TMYROWYMJZ,1698409582020
600,RCVQNFURJO,46599,ZXHMORDXYV,1698409582020
601,PTUAXAQQVE,07368,SMSBJUOGYO,1698409582020
602,YMAPYLAYBX,64892,JKLUAXCQSV,1698409582020
603,UBETPMQVFF,46835,WWULSNVAWA,1698409582020
604,FSFECMTGQY,07346,JHFYNVAFVE,1698409582020
605,AOJAOZQJXF,48879,JSIRUDAUDZ,1698409582020
606,SOWJXUNYLU,87767,GJJDDCCGZO,1698409582020
607,YWRZSUPJYN,54608,SPJQGMWKYO,1698409582020
608,UZGXWUOFOK,05995,KEICILUESP,1698409582020
609,XQKJEPULFK,26222,PXEVSDZZEZ,1698409582020
610,FASHITAPAY,83500,SHJLFODMWT,1698409582020
611,EOXPPXIUOA,95651,MAWVHBCOTU,1698409582020
612,KFMPMRSOHE,44515,SCEFSRCAKW,1698409582020
613,TJEFXJAHDG,67029,AVXMJIEBSZ,1698409582020
614,DYQFKWDQWS,46553,DUWXHOIJHT,1698409582020
615,PXNBYUNCIN,50120,JVSCEZIJJU,1698409582020
616,ITIMSFAPQR,10436,DOYYLIIISE,1698409582020
617,GGUBQVYPNC,56133,JBUQMXKPZW,1698409582020
618,MKROHQJKNY,89033,WIZWSWWRPX,1698409582020
619,QOHWFABCXE,27580,JEYRYTUDUV,1698409582020
620,GUPFCHSTRK,07019,HMEYKSPBLX,1698409582020
621,XLUNSZGBVH,63686,GWQMYTXRYO,1698409582020
622,AWCQRKTZKS,50458,PHXTXPDZCC,1698409582020
623,YQOSSJLSCK,53120,YSQMTQKCLN,1698409582020
624,ZHMGCTBJPZ,36904,SSMUCWCSGW,1698409582020
625,DWKZIGRZVB,06265,VKTNSAKLAZ,1698409582020
626,UJXONKJFHG,92272,VWKFBWWSPV,1698409582020
627,PBMJUXHVUC,07887,HUSTFZPXBH,1698409582020
628,OIXXTULROX,91531,YKTKXKCEZE,1698409582020
629,SPPGGSDRVG,73202,KMGUYAVHTR,1698409582020
630,RLJPUFZJNH,70858,RUHEFLOPUG,1698409582020
631,DVAAZFLMMU,67262,BLVZFBCUFE,1698409582020
632,CUQPCYQEZW,35665,WBVQLDBSVJ,1698409582020
633,KKDMYVTQGK,99501,QHCBNMGRKX,1698409582020
634,CIHLUMDZGF,03653,RFBFNOGXWE,1698409582020
635,VTTHVGIPPI,04356,NUYPJMDTQI,1698409582020
636,FLBOOSEVRT,52342,JKSPBCWDVN,1698409582020
637,PQHVGVFTPK,90427,YNAXUGQSED,1698409582020
638,EDACISZBNA,02349,NUQWUNGHVG,1698409582020
639,FNFFIRKFSU,63376,ZIVVIXRIIN,1698409582020
640,QQEXXVXSZT,47929,KHYVFJYUNC,1698409582020
641,RQTZIGNCER,15971,LUFKRQQFZM,1698409582020
642,ZMCXFBQIKE,47323,YQFQOLZGUM,1698409582020
643,KSSOJTFMSF,10280,JNLZOQZXNX,1698409582020
644,GSKACUDXXQ,16028,WCNEUBVFCL,1698409582020
645,ICISWPLRYY,31974,QFWSQBGLMN,1698409582020
646,VWVGTGDODN,73812,JJBZOYXAFF,1698409582020
647,LXMEDPGAZN,17398,XOHJWUABHB,1698409582020
648,AOZSHJGCXT,10857,WPANHBMVBT,1698409582020
649,ZWCYHPIQDW,94827,VJJAACXROF,1698409582020
650,KAUVKHGWNH,08113,VIFQRLTQJP,1698409582020
651,ORUQMOUQRF,49158,HLZYCBXKRJ,1698409582020
652,CBMEDYRPRH,45363,LQJEDRVVQM,1698409582020
653,LURJRWSIUW,13556,GCPBCOYLML,1698409582020
654,YDTYLDTVFS,88355,SVNIDCDWDJ,1698409582020
655,BQFZWPRPDV,64408,PPEZPVXQBE,1698409582020
656,QJOYBAUCVE,38642,WFETTLLSFY,1698409582020
657,SRZITHQKKI,35170,PGTMCQZYGK,1698409582020
658,MGHVMIJLQL,91854,FMIQRZOKBZ,1698409582020
659,EMJPSBAOJR,43169,VYZSYWMDNG,1698409582020
660,NNXAXGHZUZ,53542,WCZJBXRUNU,1698409582020
661,WCITLLUXBQ,96656,KAQGAZJHZG,1698409582020
662,BSMZJPPNEC,24204,ETGVXSNSLD,1698409582020
663,EASMTZWCYL,42656,UWZDUGCTZH,1698409582020
664,YBUIRMLLGT,06194,JAYLCFMGXZ,1698409582020
665,VQXVAXGCYC,92821,ABPZXQYFDC,1698409582020
666,LGXAZUVJTG,20872,KVKULXPWHJ,1698409582020
667,QEGUOYFOAI,80284,YWAAHCDIUK,1698409582020
668,YESZOAKHMH,55637,CIMSAEAANQ,1698409582020
669,ISFSADISGT,69318,BDPYAISLJF,1698409582020
670,EHJCVCISAI,08360,BXXOYMLNEN,1698409582020
671,YMMPDNOFPP,44145,STMTMYKCNI,1698409582020
672,UAFGMQWYSI,62704,PPMZXUIGKI,1698409582020
673,JWRUPBEVIN,67480,DKRTTDGRKM,1698409582020
674,UKQPXGSZSJ,71333,EPFZCGZITI,1698409582020
675,OIXHKTHLGC,47040,KSYJNFZUSA,1698409582021
676,QLPXACUMNL,37946,ISCSCEJICI,1698409582021
677,DSAZPJOFLS,00122,SGUFQFPXVI,1698409582021
678,NGBBVIHZNN,00787,DTXWZWTHXZ,1698409582021
679,GNRHAYKWHP,52764,VBTVRIJXEX,1698409582021
680,KRJSXLETVA,39162,NDLYYZVDPI,1698409582021
681,LEVHDPTJSE,29214,AUNUNLKCNT,1698409582021
682,UEBMFTNOGA,87712,KUUVKXDXWZ,1698409582021
683,VFYGDJRGAJ,30625,PCVANRADEO,1698409582021
684,UBQZMBYIYH,48634,HOUQQTRQVR,1698409582021
685,EGULEJDPBL,30253,DYZAYIAOSP,1698409582021
686,DEWOMSCAHB,73345,MFWEBYBYQI,1698409582021
687,IIIWEGZUMV,68176,CNYEXGYPXF,1698409582021
688,AYOAUOQQSI,14415,CNPFHZBLQK,1698409582021
689,FQCQFYYVFZ,76701,POTEKRLTKH,1698409582021
690,ASVHELRWSA,86728,ANHLWBBNNJ,1698409582021
691,BKUNMAALEM,94708,LEDTMWLMLJ,1698409582021
692,TXISVOOUPR,64100,OPJCYERYIR,1698409582021
693,FDJUDYMCSS,55248,SBPSYAFDEP,1698409582021
694,UKVGZMAQFO,03811,KNDQEXGUFZ,1698409582021
695,BXQEZOCTQE,09299,FXSXZVMDBT,1698409582021
696,LCLKQPVEXK,87168,QKGGQEYZQK,1698409582021
697,MTVQROHTSY,37108,YEBTCDTMPL,1698409582021
698,SMCWJHOHEZ,97437,EWSREWFFEL,1698409582021
699,HIGUDKQJHP,51283,YNEYQWXPBG,1698409582021
700,FVQKCLIAOK,09312,EIAIAPDJTT,1698409582021
701,YNRSLBGBDY,36608,HRSOMSHKUR,1698409582021
702,GVECWCKLHM,96313,HYVUTWCKRV,1698409582021
703,GVIPKGKRWR,98862,GSHOZCXXFV,1698409582021
704,PLVRZPMMKT,20533,ODRXBUABDG,1698409582021
705,GXWNILASZL,86258,DMBOWGNKIO,1698409582021
706,SDHELBPXOY,65475,TVXASKOYPJ,1698409582021
707,NLZRSGTIAL,48658,VFPSBZBYIU,1698409582021
708,CKRYFSJNZX,87906,QJYNAMCYEN,1698409582021
709,GGKBOJXPTE,63820,LCAVGVSRRV,1698409582021
710,OYGTVOKILT,00041,YDKLBLEKJZ,1698409582021
711,CXEAUCSOEO,42554,BTKNVPMBZI,1698409582021
712,CFQJUOSTEV,46952,NQVFLSHUJZ,1698409582021
713,VTBUUMUVQU,47144,GULUUADFCX,1698409582021
714,GMQAOKZPAI,99642,RTPERJRQOB,1698409582021
715,VQARBLQQIV,76409,LPYCPSXBWE,1698409582021
716,PHHMUIXYFE,81567,TDJSCVTUIC,1698409582021
717,PLLUQQBZTB,73501,LSQFHFYROI,1698409582021
718,LBFLZBFFSA,57254,KMPLUKGWYQ,1698409582021
719,XDKEPAMYQS,19234,VZSKNBCTOS,1698409582021
720,GVOZWQKPQF,03143,WGXIHZDWYF,1698409582021
721,SOSIIZOSMW,81290,RPCRELANWK,1698409582021
722,UWWDDAUNFH,79775,HVVJXXTXPR,1698409582021
723,ODXUXSXGYI,36015,OMEQCXPMLR,1698409582021
724,ZRZBPRANWX,57663,AMPZLLEURR,1698409582021
725,LSTPCKDBLD,30790,UFZTVSWWAY,1698409582021
726,GIUUAWEJZX,76446,EVXZXTFGQI,1698409582021
727,RFNUVUBQQZ,80789,DWUIGWQVEI,1698409582021
728,ZFQTUSJGHQ,15744,BWWIDTHLHW,1698409582021
729,RVXNKIDGOF,99597,LGQRIKXBAS,1698409582021
730,KODUPBPEPQ,52264,DABAGXTZKW,1698409582021
731,YOCIVLFACK,89886,YXWGVORSMW,1698409582021
732,UIVNDNWHSO,28773,JYFUOSKPCB,1698409582021
733,DKXAQEUCHV,67053,EXAYQWJNSM,1698409582021
734,DSCYVYBFZI,81571,QXSVBDTIUT,1698409582021
735,VLMJVLDNNK,51632,XZDUTBVHMA,1698409582021
736,KYZXSAGKWX,65762,LHCQAVYGOK,1698409582021
737,ACMSMYSDFT,37713,TXLUHFDCKT,1698409582021
738,OINLRJWEZH,43196,WZJSMSPMRZ,1698409582021
739,RPRQJFZFSM,80995,XQLBSQZIXC,1698409582021
740,LAZUJNFLFB,85182,ZBIBIOFIDQ,1698409582021
741,ZOQAGFBJCU,89612,ZIYXMPLSRB,1698409582021
742,FUKYIOCTAK,12815,PROLMDCVHG,1698409582021
743,CQWUXTTKOA,86978,UQMPGNFWCS,1698409582021
744,CIRXQVCWFF,36891,UFNIUWALCT,1698409582021
745,DULHAAFJPZ,94904,NHSMAYRHRO,1698409582021
746,ONWYWOUIUI,63295,ZAZDMSAETT,1698409582021
747,VADVGVYALB,34529,WRLPQCKVAO,1698409582021
748,XLPCFNEJCB,36317,EQCVCBHVHF,1698409582021
749,OLADKMNMDW,49446,HXEOXBUURH,1698409582021
750,AZNEYEHMWW,55463,VVFPLMSDIE,1698409582021
751,QIWYUPIRGX,47566,KRUSGGLOEK,1698409582021
752,BFTUHBXAQQ,66970,KCJGMCHWDG,1698409582021
753,OSGJBVHGSQ,90975,WWVOPTASJO,1698409582021
754,UWSLEOLCUH,80906,RCLVDHSTUZ,1698409582021
755,WPEPRSOFKT,67849,XZDLABNRYB,1698409582021
756,XLRKQOWOIV,82560,BLXCHSTZSA,1698409582021
757,FFUPFHCJBI,12685,PREGQOUAWZ,1698409582021
758,QKSTTKIVDU,77312,MNEPUSNJRP,1698409582021
759,YPPRBAAOPY,60800,BFPUKOWPML,1698409582021
760,YNWAWPYQZZ,42064,WCUGWLEOZJ,1698409582021
761,ZSAJUOSZME,04972,BTFWTBDFNH,1698409582021
762,QQUIZBDJCD,23745,IEUAWPTLKV,1698409582021
763,FGGXWHAUKW,73121,ZFMPAGWNPF,1698409582021
764,CFNXARELGC,25155,TZIODYRAJV,1698409582021
765,TSSXPDPAAT,87976,SKJDFZYHAI,1698409582021
766,MVFXAMTBQL,59833,PBKZVTJEUM,1698409582021
767,GKOQMZRBZI,22507,CQYOXHVHZZ,1698409582021
768,YOPZNASIQP,61208,RDZBFCAVBP,1698409582021
769,OVZFMYPAOW,09263,YMTTJBUGMG,1698409582021
770,EOKQSWFWRW,83615,KGLZGGXWWD,1698409582021
771,GOWAXTZEUI,64923,HBIDJPHYXW,1698409582021
772,UDNKHQCCZQ,40323,NQHWQZGYSH,1698409582021
773,NRVQBCMDEE,61047,KUJDIAAFVH,1698409582021
774,ARPABZZFNI,90010,PKGYCACKPR,1698409582021
775,AIVAEAISZL,16033,IWZYNFFHQB,1698409582021
776,ZSICBCJRVB,90530,TWYLNDYNQL,1698409582021
777,EXTDULJOIQ,45408,AYBPGPLDZU,1698409582021
778,CZBQKSXONR,76283,AXXQWYXAXX,1698409582021
779,ZFFVGOXBVK,67869,NKLOQAVUKM,1698409582021
780,HNEXPBLMJP,68911,SDCFSCQKSJ,1698409582021
781,QJECZZYDPD,96595,OZXAXYNPMR,1698409582021
782,XRFEEEREAX,29963,KHEVRPNXMV,1698409582021
783,QVYTXZNQRY,48847,WIBZQHGJUW,1698409582021
784,NFBWXXQVTW,72587,QLCOIWPKXM,1698409582021
785,GRVQIGKDZT,31410,LVPZVFBJAI,1698409582021
786,PUHPSQQUVH,71027,LBMYJGDHEP,1698409582021
787,IKWHKVYXXG,49553,WMNQCHQKFF,1698409582021
788,GCGFMGLWUP,42971,MWLMTIVCVU,1698409582022
789,PXQUERFKKP,45257,OATVBKFHOS,1698409582022
790,KNFNKCCNOC,18753,SBRLNMVTWY,1698409582022
791,TXZJSECNHH,15938,QWQSKGBCLP,1698409582022
792,NHZXPAYEXY,50497,NCUFRYUYZZ,1698409582022
793,FNKXVKZXIL,03475,BCUGHYOFAG,1698409582022
794,IEXDOIIZFM,68746,GWWRJLOQMP,1698409582022
795,RGONHUKWOC,49364,XLAPRFZWEY,1698409582022
796,VHNOJXSZNN,28550,WZIHUXWZXX,1698409582022
797,QGQXYQSOCL,14300,BNQYYUZNVD,1698409582022
798,BTUEYRCHYG,15035,POMMEXJEAD,1698409582022
799,RAPRAERAUL,81705,EALCOUIAFM,1698409582022
800,VSXCRIMZRW,47560,CNVKCFQOVC,1698409582022
801,TOXZEQTMAP,81025,TOYDEXVGVZ,1698409582022
802,NHECPNMAXS,25385,BDLVYSYJZS,1698409582022
803,DUNLNXTHGQ,36953,AZRIKDGXUR,1698409582022
804,PLIFBVONQM,61583,HWEHQQKUND,1698409582022
805,ZGLZNMYDSW,28315,XDVAFZLPRN,1698409582022
806,AHLZCNOOZG,39024,ADFWMREFWY,1698409582022
807,QZJZFODZTC,45889,PFSIFCVCUB,1698409582022
808,PUPCLXZRAD,21365,IPGKXSGRCU,1698409582022
809,WIJXARHCND,16865,NRMMKHYQYA,1698409582022
810,IGHZIMCWIR,66147,QHJBZWAGVF,1698409582022
811,KLIMRUMTZC,66790,EDXOFYZTVK,1698409582022
812,CAHNCQAJHF,54158,AWISQVYAXU,1698409582022
813,PTGPSNPVCW,86422,NZCHTFEOPM,1698409582022
814,SNONLROXKM,27230,MZISRNMCEL,1698409582022
815,PXRKUVNUHQ,81863,FAFAMQZDKB,1698409582022
816,SHQOHUEYLL,83175,MRNWUPCDJE,1698409582022
817,SPHTLRLGPY,39595,OSDPIRYAWU,1698409582022
818,ILDMARXJZX,85842,FZKPADXBYR,1698409582022
819,BFLGPHPUBL,89241,HQNAANHNIT,1698409582022
820,PJJMHTOCGE,04110,GPCLYSXUKX,1698409582022
821,AWLCQYETPT,67949,FRTJKNKEKF,1698409582022
822,BTQVUHEWED,35510,MJEVINQFRC,1698409582022
823,INIZDSCCXC,66002,ZSLRTZVRZD,1698409582022
824,LNCGOOWBRJ,25733,RNJTDIZSXJ,1698409582022
825,PNEJROJCYT,57849,JTPUMXWGIV,1698409582022
826,SQQLZGDIAU,27180,OUVWHTXZFW,1698409582022
827,TIKBZOXVFC,21753,DZFEHLOQGH,1698409582022
828,DLOWHSLTPN,17923,IGNJAYDBZK,1698409582022
829,RRJRNJEITZ,83670,XWLFGEKUBV,1698409582022
830,UJJDRDXEGW,91942,ZGRZFYZAYW,1698409582022
831,WKSQYHDFHE,11045,GKLQFMSMNP,1698409582022
832,EWPBPBJQCM,33940,BJTRNKZOES,1698409582022
833,ZCYPPDKAXX,66467,EQWEHKOOAI,1698409582022
834,QOFWZDKAIK,27659,KDQNLGSJOP,1698409582022
835,TPNJUDVIVO,73068,PSKLKWGIZS,1698409582022
836,CCZSYJEKHJ,28971,SZBPDJWZOR,1698409582022
837,ERTWSEXFCU,50511,AMPHBDBZPY,1698409582022
838,JOYDJIWRSE,06391,FRNJUEQSEM,1698409582022
839,KQEBGWDBHN,95442,JGLOYVDBWT,1698409582022
840,BFFWGTQWLX,49347,FNLPOHHBTW,1698409582022
841,PDTMHQADBQ,57182,MOMVJPCYPZ,1698409582022
842,YQAQZAZSRZ,09250,JZZPRNUCBQ,1698409582022
843,MNSGSSRFSD,12654,LWWPMCJZEN,1698409582022
844,TOAKXASIZJ,05070,IREMIEQCGZ,1698409582022
845,ZKQFKBLLHM,17966,VZNWNUARLY,1698409582022
846,SPBMCKOHSM,10696,PIDXVYODEE,1698409582022
847,OFMJNASDFZ,63108,YJLHVXRWZJ,1698409582022
848,TQZDJTRQJI,83650,DHLRMHAIHW,1698409582022
849,SHMWKRYVWA,75996,GXGPVKTGVQ,1698409582022
850,HLEGDBLCCS,82755,GGGHQYDXQH,1698409582022
851,LUZZUSALFO,72753,THAEAAHVLZ,1698409582022
852,FQWFLHCVKK,02759,YCUJYZMJAL,1698409582022
853,WVHNUPZONG,74133,IDCKGRYWVM,1698409582022
854,HMMQHPGHQJ,43366,ZSGGPPCHGP,1698409582022
855,AVGKAWBYPM,26638,OXYQNGJCCQ,1698409582022
856,BBIRUSKDUI,67457,QJUFHZVXBR,1698409582022
857,NBVCFTDCCL,63805,SDQJALKGZA,1698409582022
858,MUZRNSQCFM,75984,XLYCIGIXOV,1698409582022
859,BAIZHNVOIY,36516,BMGZYTMWJL,1698409582022
860,LXHXMRGMLV,97388,YPSMNBAVWU,1698409582022
861,OIUVBOSIOW,34904,ALAMMRGGQT,1698409582022
862,ALIYKNQISQ,84202,FOABLPKVWF,1698409582022
863,LMDQLXSRAP,62853,DKTQFELMWM,1698409582022
864,IEFYLHCELF,41284,VCPUVFWQXH,1698409582022
865,UTHFJUTONT,18019,GAELRYAHEW,1698409582022
866,AQWQSTZMGD,30401,AYBISVQBMJ,1698409582022
867,ETITTWDZMY,72102,YSKCKYRMPA,1698409582022
868,VVNMOAUNOM,85368,AHNPOIKHRX,1698409582022
869,ECHOHWOEKJ,53645,QOCWFNOQHG,1698409582022
870,GWPIJPRFOJ,26328,PXZWZYHAHM,1698409582022
871,OUDBZEYOVX,24213,LEFDVYJZRW,1698409582022
872,KZXCHSNPNA,92463,CFZJMXVUBP,1698409582022
873,LWVXYUIPAP,75037,LJHMZCDWCK,1698409582022
874,XJJPQMLWDB,76002,ASMHFOXBQS,1698409582022
875,NSVOUKSYFW,33769,KHGPFATZXN,1698409582022
876,MWSNDYCQEN,34331,IYWUBTAFXI,1698409582022
877,QXEZZUMDLU,02956,RCDYGWZZGG,1698409582022
878,CJMSOVHOPB,19562,IYZILGHMZS,1698409582022
879,YHYYRASUTV,93730,TRRXYEMURU,1698409582022
880,BNBKJZOCVV,38219,AZSUHYEIWH,1698409582022
881,EATTOCGZFF,63981,HMLNFHNPIJ,1698409582022
882,TZPRHJHEOL,63215,QMJHYEBPBS,1698409582022
883,AQZKDQBLVD,07115,QUGPWBLGBJ,1698409582022
884,UDDFORBDEU,20217,JUZLMZMLHN,1698409582022
885,PCAKBZTGQQ,48672,OTSPLHWEOM,1698409582022
886,WIBEMUQAAV,12778,POUZMWLBBE,1698409582022
887,BAOTTFURKW,77930,AHBNRZVBBS,1698409582022
888,RGOEBDDZKV,17192,MRXWZDJZSJ,1698409582022
889,XTFRSEUHOV,22882,EALJZJGJZG,1698409582022
890,QNREDXSHBQ,90644,KSOGKHHVID,1698409582022
891,NSBPCDESNP,37116,SBREKDTCPD,1698409582022
892,CMVLZKZIVV,96343,CSHNCCMBSV,1698409582022
893,PLRFAEIJOI,45403,YNLAJCHHOV,1698409582022
894,OSDNEASTUD,75312,WBSWTLDBLR,1698409582022
895,GPMAHASRAG,55616,BMGHIVNSJU,1698409582022
896,WKSFHXUHDZ,70080,KTLZTMAGWZ,1698409582022
897,MIUOUHFIGH,80475,ZJQATRECZE,1698409582022
898,GMVSDXPPKM,45644,GYKPGFQGAX,1698409582022
899,ECKEYEPLZQ,12770,JVLZYTTMTM,1698409582022
900,VEQKFGNDQP,24697,GOXBSZIQYR,1698409582022
901,RNBVPFNSOO,41312,DRWKYKVPUA,1698409582022
902,LDNIGYEITS,35535,GURGXKUFPC,1698409582023
903,GLZMPJWJGU,72448,JOLQAUZWJI,1698409582023
904,TWLRNLEHDQ,31629,AIMYTZOKPN,1698409582023
905,OPLLOZWKJR,17812,WSTMQUCGRM,1698409582023
906,XPDYSHAZLG,72481,ADEQHLKDAF,1698409582023
907,IYCBOQLPVB,37122,OPOBKZROSL,1698409582023
908,CEBRYSGIPD,54550,GGPONIRFEB,1698409582023
909,TDSSMMYHEB,12941,DGAPRRFHHB,1698409582023
910,FLZRAQOBCK,09601,FNQLJBKKXG,1698409582023
911,WXSKXTEFSJ,22042,SKNIZAXTZZ,1698409582023
912,LONNFZBNKJ,74032,OLWLEWBDRE,1698409582023
913,RRMKHHIZUR,63887,ZURXCQWJTU,1698409582023
914,IUMSUCBBBB,98636,ZKWBRTSCYK,1698409582023
915,HMHKUHYPNQ,68901,DCFDLVPAYX,1698409582023
916,GHDKPDSDHF,64642,ILKTRLGPXC,1698409582023
917,FYMXLEPIKN,49481,AMFBZDGEOM,1698409582023
918,QCQJXGWJTF,60608,PBBLSMYDJI,1698409582023
919,SKQRNYXESS,26029,QSCJKEDLKC,1698409582023
920,ODGODWJQLV,30141,SWYYXMCCXK,1698409582023
921,MFTCFPIRVM,18024,WFLXRCXDED,1698409582023
922,XUARSQUFSQ,77216,GWSONOVLEW,1698409582023
923,DCJBVQNPVX,96669,HHVAXMPBES,1698409582023
924,LTUAWHVTQT,70796,QJTWOISLTU,1698409582023
925,NUVCQMITNH,07779,GJJZHHSSHV,1698409582023
926,YQHJQHDKUS,75276,HVKSNBDAJA,1698409582023
927,RNIIOLMUPD,66172,QZFYWBZZFM,1698409582023
928,KRWXBXMXWJ,13588,JTEPGBQBYY,1698409582023
929,ZIDAUICEPZ,62698,PGYZYEMSUL,1698409582023
930,LISSKUNHOA,94714,GOILTGIGUW,1698409582023
931,KWNOEVPHUF,08920,OLDJPWPGJF,1698409582023
932,MVTQTBTMRU,81395,ZUTQRRCKOO,1698409582023
933,NFRCLIUYWE,31772,YKFNRUKZTH,1698409582023
934,IHHECLLMUI,64475,FPFJYPLDZW,1698409582023
935,CMFTIDAGTJ,54271,PFGODDGXPN,1698409582023
936,ALMBNGPUIR,83505,HNPNYHCVHJ,1698409582023
937,QVMMSYLYUE,30115,IQJFQVIBST,1698409582023
938,XUZSSFQPOU,83697,JVIAKDXGYW,1698409582023
939,DWVBZUYFKQ,27643,CLFAJXVMUH,1698409582023
940,SOAYXMQQCG,98489,HOTFGKIPTA,1698409582023
941,TBJUTLIFKL,30820,JEGPOHKJHO,1698409582023
942,TXCCLAUJXA,99805,XRVLHUAVOG,1698409582023
943,MUNWEHIEKX,79686,ZMAWHPXTKG,1698409582023
944,PLXCUYYPUH,22716,CXYTSQCKWM,1698409582023
945,YFFFFKYGKY,03682,PKSRWDQUIA,1698409582023
946,QCWXIVMCUX,97121,YSPCBVAUTG,1698409582023
947,RGWCMFEFPD,21784,TTCCOPOIEK,1698409582023
948,QMBHGQYIUP,82899,WGVAUPJTNK,1698409582023
949,YJAKMHJOBI,58007,QGWZJDAUFT,1698409582023
950,TJSTKPMXPE,58491,AHCNKVYGBB,1698409582023
951,SCJSFNTUVV,31353,XXMCMHVOYX,1698409582023
952,CANKADXRBV,98054,NFYQLCDBJI,1698409582023
953,ZMFYBJCMUC,92919,FBXWSRQZCU,1698409582023
954,AFZTUHJMSX,23443,IGRWVOXYBS,1698409582023
955,APIYNPPZEH,67530,CQIVHAXKKQ,1698409582023
956,DNEEPKLNQF,15436,ZQAUPRDCLV,1698409582023
957,WEVJNYRUXJ,16171,SOWEBDSAOF,1698409582023
958,NIMDGEUMTK,08463,UPOHMQDJOP,1698409582023
959,IBEBUDRZWO,16855,MWESLLAAVO,1698409582023
960,XGGAQZBYXI,87983,VWXDRXACRN,1698409582023
961,AZYXYFSLRY,70825,FDKCZDLCSG,1698409582023
962,WWLGOECTRO,44054,EPXYEEMYWA,1698409582023
963,GPOWLSOSPA,71298,JMIIJWGCJO,1698409582023
964,IDFPVFXUMX,98568,JHWFMMNGZL,1698409582023
965,LGGYZCYIDM,19989,JRVEVYFOLN,1698409582023
966,KOZTDXIFSL,58310,NCUQEOPXDG,1698409582023
967,FSOJYHEGWN,48683,QZVWRJGVJH,1698409582023
968,RRUYPDBSSI,30468,BBAJYVMHQE,1698409582023
969,YIMMIHMUVO,06978,NUOBLYEUTD,1698409582023
970,MYDJIQKPLQ,77980,ANTWGSOSQV,1698409582023
971,RGBTGYWXCT,17221,NKHLDOGFGB,1698409582023
972,BEIPXCKDOK,92753,XCMEZTUVCC,1698409582023
973,EZQGRQNZWZ,40429,XJCFURJAUV,1698409582023
974,MOZNFWHYHO,40149,EMRCGFYRIK,1698409582023
975,JVZDPOLBIW,62378,LOVZEHQRDV,1698409582023
976,GBPYNQMKKO,63950,AXOQEEFKJQ,1698409582023
977,MGQBARGZPY,26164,XJGFYJQRAD,1698409582023
978,CGSJGXIDKO,04993,CERQEPNTZN,1698409582023
979,IBSKDZHNGC,96928,MIZXBLGZDV,1698409582023
980,IQEOBAIXZV,51891,QLCNNSZZHN,1698409582023
981,PTEOCPFKKJ,14315,DLBDADLDGR,1698409582023
982,ASLVNTULHK,96443,VXKQVELFXO,1698409582023
983,NGGCFUUQRF,18082,NYRVURBQXY,1698409582023
984,FDFBUUROBR,76569,LRHTJOJJEN,1698409582023
985,QHQBBWIEFB,34525,GEBTZIWMKS,1698409582023
986,QXSJVZVXGB,53931,TULENYACDW,1698409582023
987,KJQSPRHBFB,43540,CWMEUJNATD,1698409582023
988,GCGGZTPIFZ,11833,MNQFBLPTSF,1698409582023
989,KVLCWTQUAU,20542,OQHSNKPPIZ,1698409582023
990,JYZESRBKAV,80319,VBHXHXTMZW,1698409582023
991,QMCLZWMXYQ,75794,YUMDNOWZML,1698409582023
992,PVKCIDDTTB,64107,MMQXJSBIGY,1698409582023
993,FCYDDUYZQY,96343,SDQSLLPLSI,1698409582023
994,MWMXRSEAAQ,41765,XVXKKOLPUQ,1698409582023
995,SIGIYKSZQP,19159,HUKJUGYTKA,1698409582023
996,ZJMOGNCAHQ,91443,CUTBUMADEM,1698409582023
997,GBPXNBBCDY,77496,LDPHWRRYKG,1698409582023
998,ABDWRNMSFO,74802,YSIUQZKEUC,1698409582023
999,SBNMPUJGWB,59890,XAPOZLCRST,1698409582023
